{
  "properties": {
    "connectionReferences": {
      "shared_commondataserviceforapps": {
        "runtimeSource": "embedded",
        "connection": {
          "connectionReferenceLogicalName": "ciarank_sharedcommondataserviceforapps_6761d"
        },
        "api": {
          "name": "shared_commondataserviceforapps"
        }
      }
    },
    "definition": {
      "$schema": "https://schema.management.azure.com/providers/Microsoft.Logic/schemas/2016-06-01/workflowdefinition.json#",
      "contentVersion": "1.0.0.0",
      "parameters": {
        "$connections": {
          "defaultValue": {},
          "type": "Object"
        },
        "$authentication": {
          "defaultValue": {},
          "type": "SecureObject"
        }
      },
      "triggers": {
        "manual": {
          "metadata": {
            "operationMetadataId": "1ca5001a-69b1-44f3-940e-f76533e28270"
          },
          "type": "Request",
          "kind": "PowerAppV2",
          "inputs": {
            "schema": {
              "type": "object",
              "properties": {
                "text": {
                  "title": "TableLogicalName",
                  "type": "string",
                  "x-ms-dynamically-added": true,
                  "description": "TableLogicalName",
                  "x-ms-content-hint": "TEXT"
                }
              },
              "required": [
                "text"
              ]
            }
          }
        }
      },
      "actions": {
        "Try": {
          "actions": {
            "Perform_an_unbound_action": {
              "runAfter": {},
              "metadata": {
                "operationMetadataId": "49462b9c-5d40-4579-9b94-ca6fb00ab2d8"
              },
              "type": "OpenApiConnection",
              "inputs": {
                "host": {
                  "connectionName": "shared_commondataserviceforapps",
                  "operationId": "PerformUnboundAction",
                  "apiId": "/providers/Microsoft.PowerApps/apis/shared_commondataserviceforapps"
                },
                "parameters": {
                  "actionName": "ciarank_GetTableColumns",
                  "item/TableLogicalName": "@triggerBody()['text']"
                },
                "authentication": "@parameters('$authentication')"
              }
            },
            "Respond_to_a_PowerApp_or_flow": {
              "runAfter": {
                "Perform_an_unbound_action": [
                  "Succeeded"
                ]
              },
              "metadata": {
                "operationMetadataId": "fc14ffe5-6fb6-48c7-966f-ea40854874f9"
              },
              "type": "Response",
              "kind": "PowerApp",
              "inputs": {
                "statusCode": 200,
                "body": {
                  "identifiedcolumnsjson": "@outputs('Perform_an_unbound_action')?['body/Columns']"
                },
                "schema": {
                  "type": "object",
                  "properties": {
                    "identifiedcolumnsjson": {
                      "title": "IdentifiedColumnsJSON",
                      "x-ms-dynamically-added": true,
                      "type": "string"
                    }
                  }
                }
              }
            }
          },
          "runAfter": {},
          "metadata": {
            "operationMetadataId": "231e7327-38eb-457d-84f1-3658f16e7876"
          },
          "type": "Scope"
        },
        "Catch": {
          "actions": {
            "Respond_to_a_PowerApp_or_flow_2": {
              "runAfter": {},
              "metadata": {
                "operationMetadataId": "316a1bfe-1c31-4cb2-80ca-0ebf98cde47d"
              },
              "type": "Response",
              "kind": "PowerApp",
              "inputs": {
                "statusCode": 200,
                "body": {
                  "identifiedcolumnsjson": "An Error has Occured"
                },
                "schema": {
                  "type": "object",
                  "properties": {
                    "identifiedcolumnsjson": {
                      "title": "IdentifiedColumnsJSON",
                      "x-ms-dynamically-added": true,
                      "type": "string"
                    }
                  }
                }
              }
            }
          },
          "runAfter": {
            "Try": [
              "Failed"
            ]
          },
          "metadata": {
            "operationMetadataId": "9d6acf88-1671-4433-8d90-f23b25aa0da8"
          },
          "type": "Scope"
        }
      }
    },
    "templateName": ""
  },
  "schemaVersion": "1.0.0.0"
}