<ImportExportXml xmlns:xsi="http://www.w3.org/2001/XMLSchema-instance">
  <Entities></Entities>
  <Roles></Roles>
  <Workflows>
    <Workflow WorkflowId="{bf56501d-f07e-ee11-8179-000d3ab8e9a4}" Name="Get Table Columns Demo">
      <JsonFileName>/Workflows/GetTableColumnsDemo-BF56501D-F07E-EE11-8179-000D3AB8E9A4.json</JsonFileName>
      <Type>1</Type>
      <Subprocess>0</Subprocess>
      <Category>5</Category>
      <Mode>0</Mode>
      <Scope>4</Scope>
      <OnDemand>0</OnDemand>
      <TriggerOnCreate>0</TriggerOnCreate>
      <TriggerOnDelete>0</TriggerOnDelete>
      <AsyncAutodelete>0</AsyncAutodelete>
      <SyncWorkflowLogOnFailure>0</SyncWorkflowLogOnFailure>
      <StateCode>1</StateCode>
      <StatusCode>2</StatusCode>
      <RunAs>1</RunAs>
      <IsTransacted>1</IsTransacted>
      <IntroducedVersion>1.0.0.0</IntroducedVersion>
      <IsCustomizable>1</IsCustomizable>
      <BusinessProcessType>0</BusinessProcessType>
      <IsCustomProcessingStepAllowedForOtherPublishers>1</IsCustomProcessingStepAllowedForOtherPublishers>
      <PrimaryEntity>none</PrimaryEntity>
      <LocalizedNames>
        <LocalizedName languagecode="1033" description="Get Table Columns Demo" />
      </LocalizedNames>
    </Workflow>
    <Workflow WorkflowId="{b75d3ed0-ee7e-ee11-817a-000d3ada7a2b}" Name="Get Table Columns">
      <XamlFileName>/Workflows/GetTableColumns-B75D3ED0-EE7E-EE11-817A-000D3ADA7A2B.xaml</XamlFileName>
      <Type>1</Type>
      <Subprocess>0</Subprocess>
      <Category>3</Category>
      <Mode>0</Mode>
      <Scope>4</Scope>
      <OnDemand>0</OnDemand>
      <TriggerOnCreate>0</TriggerOnCreate>
      <TriggerOnDelete>0</TriggerOnDelete>
      <AsyncAutodelete>0</AsyncAutodelete>
      <SyncWorkflowLogOnFailure>1</SyncWorkflowLogOnFailure>
      <StateCode>1</StateCode>
      <StatusCode>2</StatusCode>
      <CreateStage>40</CreateStage>
      <RunAs>1</RunAs>
      <SdkMessageId>{b85d3ed0-ee7e-ee11-817a-000d3ada7a2b}</SdkMessageId>
      <UniqueName>GetTableColumns</UniqueName>
      <IsTransacted>1</IsTransacted>
      <IntroducedVersion>1.0.0.0</IntroducedVersion>
      <IsCustomizable>1</IsCustomizable>
      <BusinessProcessType>0</BusinessProcessType>
      <FormId>{00000000-0000-0000-0000-000000000000}</FormId>
      <IsCustomProcessingStepAllowedForOtherPublishers>1</IsCustomProcessingStepAllowedForOtherPublishers>
      <PrimaryEntity>none</PrimaryEntity>
      <LocalizedNames>
        <LocalizedName languagecode="1033" description="Get Table Columns" />
      </LocalizedNames>
    </Workflow>
  </Workflows>
  <FieldSecurityProfiles></FieldSecurityProfiles>
  <Templates />
  <EntityMaps />
  <EntityRelationships />
  <OrganizationSettings />
  <optionsets />
  <CustomControls />
  <SolutionPluginAssemblies>
    <PluginAssembly FullName="DVMetadataCWAs, Version=0.1.0.0, Culture=neutral, PublicKeyToken=1cfe84ba21352998" PluginAssemblyId="6d957fe3-23fb-4c3f-b332-6e1629c950c9" CustomizationLevel="1">
      <IsolationMode>2</IsolationMode>
      <SourceType>0</SourceType>
      <IntroducedVersion>1.0</IntroducedVersion>
      <FileName>/PluginAssemblies/DVMetadataCWAs-6D957FE3-23FB-4C3F-B332-6E1629C950C9/DVMetadataCWAs.dll</FileName>
      <PluginTypes>
        <PluginType AssemblyQualifiedName="DVMetadataCWAs.GetTableColumns, DVMetadataCWAs, Version=0.1.0.0, Culture=neutral, PublicKeyToken=1cfe84ba21352998" PluginTypeId="5eb173b7-0fcd-482d-b30f-319af5fe317d" Name="DVMetadataCWAs.GetTableColumns">
          <FriendlyName>991c37f9-bc67-43c9-9b94-179a94f44b48</FriendlyName>
          <WorkflowActivityGroupName>DVMetadataCWAs (0.1.0.0)</WorkflowActivityGroupName>
        </PluginType>
      </PluginTypes>
    </PluginAssembly>
  </SolutionPluginAssemblies>
  <EntityDataProviders />
  <CanvasApps>
    <CanvasApp>
      <Name>ciarank_dataversemetadatasuitesampleapp_aec42</Name>
      <AppVersion>2023-11-09T11:21:49Z</AppVersion>
      <Status>Ready</Status>
      <CreatedByClientVersion>3.23104.18.0</CreatedByClientVersion>
      <MinClientVersion>3.23104.18.0</MinClientVersion>
      <Tags>{"primaryDeviceWidth":"1366","primaryDeviceHeight":"768","supportsPortrait":"true","supportsLandscape":"true","primaryFormFactor":"Tablet","showStatusBar":"false","publisherVersion":"3.23104.18","minimumRequiredApiVersion":"2.2.0","hasComponent":"false","hasUnlockedComponent":"false","isUnifiedRootApp":"false"}</Tags>
      <IsCdsUpgraded>0</IsCdsUpgraded>
      <GalleryItemId xsi:nil="true"></GalleryItemId>
      <BackgroundColor>RGBA(0,176,240,1)</BackgroundColor>
      <DisplayName>Dataverse Metadata Suite Sample app</DisplayName>
      <Description xsi:nil="true"></Description>
      <CommitMessage xsi:nil="true"></CommitMessage>
      <Publisher xsi:nil="true"></Publisher>
      <AuthorizationReferences>[]</AuthorizationReferences>
      <ConnectionReferences>{"c1e6be20-0f0d-4e05-b7b7-0b69bd8562c2":{"id":"/providers/microsoft.powerapps/apis/shared_logicflows","displayName":"Logic flows","iconUri":"https://connectoricons-prod.azureedge.net/releases/v1.0.1664/1.0.1664.3477/logicflows/icon.png","dataSources":["GetTableColumnsDemo"],"dependencies":["1278e0ca-9923-4c5f-974a-f41c0f9a5e68"],"dependents":[],"parameterHints":{"workflowName":{"value":"ba554168-8242-4f46-8781-aeee7f5aa2be"},"workflowEntityId":{"value":"bf56501d-f07e-ee11-8179-000d3ab8e9a4"},"1278e0ca-9923-4c5f-974a-f41c0f9a5e68":{"value":"shared_commondataserviceforapps"}},"parameterHintsV2":{"workflowName":{"value":"ba554168-8242-4f46-8781-aeee7f5aa2be"},"workflowEntityId":{"value":"bf56501d-f07e-ee11-8179-000d3ab8e9a4"},"shared_commondataserviceforapps":{"value":"1278e0ca-9923-4c5f-974a-f41c0f9a5e68"}},"isOnPremiseConnection":false,"bypassConsent":false,"dataSets":{},"apiTier":"Standard","actions":["Run"]},"1278e0ca-9923-4c5f-974a-f41c0f9a5e68":{"id":"/providers/microsoft.powerapps/apis/shared_commondataserviceforapps","displayName":"Microsoft Dataverse","iconUri":"https://connectoricons-prod.azureedge.net/releases/v1.0.1664/1.0.1664.3477/commondataserviceforapps/icon.png","dataSources":[],"dependencies":[],"dependents":["c1e6be20-0f0d-4e05-b7b7-0b69bd8562c2"],"parameterHints":{},"parameterHintsV2":{},"isOnPremiseConnection":false,"bypassConsent":false,"dataSets":{},"apiTier":"Premium"}}</ConnectionReferences>
      <DatabaseReferences>{"default.cds":{"databaseDetails":{"referenceType":"Environmental","environmentName":"default.cds","overrideValues":{"status":"NotSpecified","environmentVariableName":""}},"dataSources":{"Entities":{"entitySetName":"entities","logicalName":"entity"}}}}</DatabaseReferences>
      <AppComponents>[]</AppComponents>
      <AppComponentDependencies>[]</AppComponentDependencies>
      <CanConsumeAppPass>1</CanConsumeAppPass>
      <CanvasAppType>0</CanvasAppType>
      <BypassConsent>0</BypassConsent>
      <AdminControlBypassConsent>0</AdminControlBypassConsent>
      <EmbeddedApp xsi:nil="true"></EmbeddedApp>
      <IntroducedVersion>1.0</IntroducedVersion>
      <CdsDependencies>{"cdsdependencies":[{"dependencyid":"bf56501d-f07e-ee11-8179-000d3ab8e9a4","componenttype":29,"componenttypeplatformname":"Workflow"},{"logicalname":"entity","componenttype":1}]}</CdsDependencies>
      <IsCustomizable>1</IsCustomizable>
      <BackgroundImageUri>/CanvasApps/ciarank_dataversemetadatasuitesampleapp_aec42_BackgroundImageUri</BackgroundImageUri>
      <DocumentUri>/CanvasApps/ciarank_dataversemetadatasuitesampleapp_aec42_DocumentUri.msapp</DocumentUri>
    </CanvasApp>
  </CanvasApps>
  <Languages>
    <Language>1033</Language>
  </Languages>
</ImportExportXml>